<?xml version="1.0" encoding="UTF-8"?>
<project-private xmlns="http://www.netbeans.org/ns/project-private/1">
    <editor-bookmarks xmlns="http://www.netbeans.org/ns/editor-bookmarks/2" lastBookmarkId="0"/>
    <open-files xmlns="http://www.netbeans.org/ns/projectui-open-files/2">
        <group>
            <file>file:/D:/Project/Criminal-Record-Management-System-Project-In-Java-Source-Code/crime-record-management--master/src/Register.java</file>
            <file>file:/D:/Project/Criminal-Record-Management-System-Project-In-Java-Source-Code/crime-record-management--master/src/HomeSignIn.java</file>
            <file>file:/D:/Project/Criminal-Record-Management-System-Project-In-Java-Source-Code/crime-record-management--master/src/dbaseConnx.java</file>
            <file>file:/D:/Project/Criminal-Record-Management-System-Project-In-Java-Source-Code/crime-record-management--master/src/Homepage.java</file>
            <file>file:/D:/Project/Criminal-Record-Management-System-Project-In-Java-Source-Code/crime-record-management--master/src/HomeView.java</file>
            <file>file:/D:/Project/Criminal-Record-Management-System-Project-In-Java-Source-Code/crime-record-management--master/src/HomeSignup.java</file>
            <file>file:/D:/Project/Criminal-Record-Management-System-Project-In-Java-Source-Code/crime-record-management--master/src/SEdit.java</file>
            <file>file:/D:/Project/Criminal-Record-Management-System-Project-In-Java-Source-Code/crime-record-management--master/src/ShowRecords.java</file>
        </group>
    </open-files>
</project-private>
